-- Insert sample data for testing (Note: These use placeholder UUIDs for demo purposes)
-- In a real app, user_id would reference actual authenticated users

-- Insert sample profiles (using placeholder user IDs)
INSERT INTO public.profiles (id, user_id, full_name, email, phone, date_of_birth, avatar_url) VALUES
('11111111-1111-1111-1111-111111111111', '11111111-1111-1111-1111-111111111111', 'Dr. Sarah Johnson', 'sarah.johnson@email.com', '+1-555-0123', '1985-03-15', 'https://images.unsplash.com/photo-1559839734-2b71ea197ec2?w=150&h=150&fit=crop&crop=face'),
('22222222-2222-2222-2222-222222222222', '22222222-2222-2222-2222-222222222222', 'Michael Chen', 'michael.chen@email.com', '+1-555-0124', '1990-07-22', 'https://images.unsplash.com/photo-1507003211169-0a1dd7228f2d?w=150&h=150&fit=crop&crop=face'),
('33333333-3333-3333-3333-333333333333', '33333333-3333-3333-3333-333333333333', 'Lisa Rodriguez', 'lisa.rodriguez@email.com', '+1-555-0125', '1988-11-08', 'https://images.unsplash.com/photo-1494790108755-2616b612b786?w=150&h=150&fit=crop&crop=face');

-- Insert sample family members
INSERT INTO public.family_members (id, user_id, name, relationship, date_of_birth, phone, email, avatar_url) VALUES
('f1111111-1111-1111-1111-111111111111', '11111111-1111-1111-1111-111111111111', 'Emma Johnson', 'Daughter', '2015-05-20', '+1-555-0130', 'emma.parent@email.com', 'https://images.unsplash.com/photo-1544005313-94ddf0286df2?w=150&h=150&fit=crop&crop=face'),
('f2222222-2222-2222-2222-222222222222', '11111111-1111-1111-1111-111111111111', 'Robert Johnson', 'Spouse', '1983-09-12', '+1-555-0131', 'robert.johnson@email.com', 'https://images.unsplash.com/photo-1472099645785-5658abf4ff4e?w=150&h=150&fit=crop&crop=face'),
('f3333333-3333-3333-3333-333333333333', '22222222-2222-2222-2222-222222222222', 'Grace Chen', 'Mother', '1965-02-28', '+1-555-0132', 'grace.chen@email.com', 'https://images.unsplash.com/photo-1438761681033-6461ffad8d80?w=150&h=150&fit=crop&crop=face'),
('f4444444-4444-4444-4444-444444444444', '22222222-2222-2222-2222-222222222222', 'David Chen', 'Son', '2012-12-03', '+1-555-0133', 'david.parent@email.com', 'https://images.unsplash.com/photo-1535713875002-d1d0cf377fde?w=150&h=150&fit=crop&crop=face'),
('f5555555-5555-5555-5555-555555555555', '33333333-3333-3333-3333-333333333333', 'Carlos Rodriguez', 'Father', '1960-04-17', '+1-555-0134', 'carlos.rodriguez@email.com', 'https://images.unsplash.com/photo-1500648767791-00dcc994a43e?w=150&h=150&fit=crop&crop=face');

-- Insert sample prescriptions
INSERT INTO public.prescriptions (id, user_id, family_member_id, doctor_name, prescription_date, notes, extracted_data) VALUES
('p1111111-1111-1111-1111-111111111111', '11111111-1111-1111-1111-111111111111', NULL, 'Dr. Amanda Wilson', '2024-01-15', 'Regular checkup - blood pressure medication adjustment', '{"doctorName": "Dr. Amanda Wilson", "date": "2024-01-15", "medicines": [{"medicationName": "Lisinopril", "dosage": {"morning": 1, "noon": 0, "afternoon": 0, "night": 0}, "instructions": "Take with food"}], "notes": "Monitor blood pressure daily"}'),
('p2222222-2222-2222-2222-222222222222', '11111111-1111-1111-1111-111111111111', 'f1111111-1111-1111-1111-111111111111', 'Dr. Pediatric Smith', '2024-01-20', 'Treatment for common cold in child', '{"doctorName": "Dr. Pediatric Smith", "date": "2024-01-20", "medicines": [{"medicationName": "Children''s Tylenol", "dosage": {"morning": 1, "noon": 1, "afternoon": 1, "night": 1}, "instructions": "As needed for fever"}], "notes": "Plenty of rest and fluids"}'),
('p3333333-3333-3333-3333-333333333333', '22222222-2222-2222-2222-222222222222', NULL, 'Dr. James Kim', '2024-01-25', 'Diabetes management follow-up', '{"doctorName": "Dr. James Kim", "date": "2024-01-25", "medicines": [{"medicationName": "Metformin", "dosage": {"morning": 1, "noon": 0, "afternoon": 0, "night": 1}, "instructions": "Take with meals"}], "notes": "Continue monitoring blood sugar levels"}'),
('p4444444-4444-4444-4444-444444444444', '22222222-2222-2222-2222-222222222222', 'f3333333-3333-3333-3333-333333333333', 'Dr. Eleanor Rose', '2024-02-01', 'Arthritis pain management', '{"doctorName": "Dr. Eleanor Rose", "date": "2024-02-01", "medicines": [{"medicationName": "Ibuprofen", "dosage": {"morning": 1, "noon": 0, "afternoon": 1, "night": 0}, "instructions": "Take with food to avoid stomach upset"}], "notes": "Physical therapy recommended"}'),
('p5555555-5555-5555-5555-555555555555', '33333333-3333-3333-3333-333333333333', NULL, 'Dr. Maria Santos', '2024-02-05', 'Migraine prevention medication', '{"doctorName": "Dr. Maria Santos", "date": "2024-02-05", "medicines": [{"medicationName": "Propranolol", "dosage": {"morning": 1, "noon": 0, "afternoon": 0, "night": 1}, "instructions": "Take at the same time each day"}], "notes": "Keep a headache diary"}');

-- Insert sample medicines
INSERT INTO public.medicines (prescription_id, medication_name, dosage_morning, dosage_noon, dosage_afternoon, dosage_night, instructions, frequency, duration) VALUES
('p1111111-1111-1111-1111-111111111111', 'Lisinopril 10mg', 1, 0, 0, 0, 'Take with food in the morning', 'Once daily', '30 days'),
('p1111111-1111-1111-1111-111111111111', 'Aspirin 81mg', 1, 0, 0, 0, 'Take after breakfast', 'Once daily', '30 days'),
('p2222222-2222-2222-2222-222222222222', 'Children''s Tylenol 160mg', 1, 1, 1, 1, 'Give only when fever is present', 'As needed', '7 days'),
('p3333333-3333-3333-3333-333333333333', 'Metformin 500mg', 1, 0, 0, 1, 'Take with meals to reduce stomach upset', 'Twice daily', '90 days'),
('p3333333-3333-3333-3333-333333333333', 'Vitamin D3 1000IU', 1, 0, 0, 0, 'Take with breakfast', 'Once daily', '90 days'),
('p4444444-4444-4444-4444-444444444444', 'Ibuprofen 400mg', 1, 0, 1, 0, 'Take with food, do not exceed 3 doses per day', 'Twice daily', '14 days'),
('p5555555-5555-5555-5555-555555555555', 'Propranolol 40mg', 1, 0, 0, 1, 'Take at consistent times, do not stop abruptly', 'Twice daily', '90 days'),
('p5555555-5555-5555-5555-555555555555', 'Magnesium 400mg', 0, 0, 0, 1, 'Take with dinner', 'Once daily', '30 days');

-- Insert sample medical reports
INSERT INTO public.medical_reports (id, user_id, family_member_id, report_type, patient_name, doctor_name, hospital_name, report_date, extracted_data) VALUES
('r1111111-1111-1111-1111-111111111111', '11111111-1111-1111-1111-111111111111', NULL, 'Blood Test Results', 'Dr. Sarah Johnson', 'Dr. Amanda Wilson', 'City General Hospital', '2024-01-10', '{"reportType": "Blood Test", "vitalSigns": {"bloodPressure": "120/80", "heartRate": "72 bpm"}, "labResults": [{"testName": "Cholesterol Total", "value": "180", "unit": "mg/dL", "referenceRange": "<200", "status": "Normal"}, {"testName": "HDL Cholesterol", "value": "55", "unit": "mg/dL", "referenceRange": ">40", "status": "Normal"}, {"testName": "LDL Cholesterol", "value": "110", "unit": "mg/dL", "referenceRange": "<100", "status": "High"}], "summary": "Overall good health with slightly elevated LDL cholesterol"}'),
('r2222222-2222-2222-2222-222222222222', '22222222-2222-2222-2222-222222222222', NULL, 'Annual Physical', 'Michael Chen', 'Dr. James Kim', 'Metro Health Center', '2024-01-22', '{"reportType": "Physical Examination", "vitalSigns": {"bloodPressure": "135/85", "heartRate": "78 bpm", "weight": "175 lbs", "height": "5''10\"", "temperature": "98.6째F"}, "findings": [{"category": "Cardiovascular", "finding": "Mild hypertension", "severity": "Mild"}], "recommendations": ["Continue current medications", "Regular exercise", "Dietary modifications"], "nextAppointment": "2024-04-22"}'),
('r3333333-3333-3333-3333-333333333333', '11111111-1111-1111-1111-111111111111', 'f1111111-1111-1111-1111-111111111111', 'Pediatric Checkup', 'Emma Johnson', 'Dr. Pediatric Smith', 'Children''s Medical Center', '2024-01-18', '{"reportType": "Pediatric Examination", "vitalSigns": {"height": "4''2\"", "weight": "65 lbs", "temperature": "99.1째F"}, "findings": [{"category": "Growth", "finding": "Normal growth curve", "severity": "Normal"}], "diagnosis": ["Mild upper respiratory infection"], "recommendations": ["Rest and fluids", "Follow-up if symptoms worsen"]}'),
('r4444444-4444-4444-4444-444444444444', '22222222-2222-2222-2222-222222222222', 'f3333333-3333-3333-3333-333333333333', 'X-Ray Report', 'Grace Chen', 'Dr. Eleanor Rose', 'Orthopedic Specialists', '2024-01-30', '{"reportType": "X-Ray", "findings": [{"category": "Musculoskeletal", "finding": "Mild arthritis in knee joints", "severity": "Mild"}], "diagnosis": ["Osteoarthritis"], "recommendations": ["Physical therapy", "Anti-inflammatory medication", "Weight management"]}'),
('r5555555-5555-5555-5555-555555555555', '33333333-3333-3333-3333-333333333333', NULL, 'Neurological Consultation', 'Lisa Rodriguez', 'Dr. Maria Santos', 'Neurology Institute', '2024-02-02', '{"reportType": "Neurological Assessment", "findings": [{"category": "Neurological", "finding": "Migraine pattern consistent with stress triggers", "severity": "Moderate"}], "diagnosis": ["Chronic migraines"], "recommendations": ["Stress management techniques", "Preventive medication", "Sleep hygiene improvement"], "nextAppointment": "2024-05-02"}');

-- Insert sample symptoms
INSERT INTO public.symptoms (id, user_id, family_member_id, symptoms, severity, description, analysis_result, analyzed_at) VALUES
('s1111111-1111-1111-1111-111111111111', '11111111-1111-1111-1111-111111111111', NULL, ARRAY['headache', 'fatigue', 'dizziness'], 6, 'Experiencing persistent headaches for the past 3 days, especially in the morning. Feeling tired and occasionally dizzy when standing up.', '{"analysis": "Symptoms suggest possible tension headaches or blood pressure changes", "recommendations": ["Monitor blood pressure", "Stay hydrated", "Get adequate rest", "Consider stress management"], "severity": "Moderate", "urgency": "Schedule appointment within a week"}', '2024-02-15 10:30:00+00'),
('s2222222-2222-2222-2222-222222222222', '11111111-1111-1111-1111-111111111111', 'f1111111-1111-1111-1111-111111111111', ARRAY['fever', 'cough', 'runny nose'], 4, 'Emma has had a low-grade fever (99.5째F) for 2 days with a persistent cough and runny nose. She''s been more tired than usual.', '{"analysis": "Symptoms consistent with common cold or viral upper respiratory infection", "recommendations": ["Rest and fluids", "Monitor temperature", "Use humidifier", "Contact doctor if fever exceeds 101째F"], "severity": "Mild", "urgency": "Monitor at home, call if worsening"}', '2024-02-12 14:15:00+00'),
('s3333333-3333-3333-3333-333333333333', '22222222-2222-2222-2222-222222222222', NULL, ARRAY['increased thirst', 'frequent urination', 'blurred vision'], 7, 'Noticing increased thirst and need to urinate more frequently, especially at night. Vision seems slightly blurred when reading.', '{"analysis": "Symptoms may indicate elevated blood sugar levels", "recommendations": ["Check blood glucose immediately", "Contact healthcare provider", "Stay hydrated", "Monitor symptoms closely"], "severity": "Moderate to High", "urgency": "Contact doctor today"}', '2024-02-10 09:45:00+00'),
('s4444444-4444-4444-4444-444444444444', '22222222-2222-2222-2222-222222222222', 'f3333333-3333-3333-3333-333333333333', ARRAY['joint pain', 'stiffness', 'swelling'], 5, 'Grace is experiencing increased joint pain and stiffness in her knees, particularly in the morning. Some swelling noticed around the knee joints.', '{"analysis": "Symptoms consistent with arthritis flare-up", "recommendations": ["Apply ice to reduce swelling", "Gentle stretching exercises", "Take prescribed anti-inflammatory medication", "Avoid excessive walking"], "severity": "Moderate", "urgency": "Follow up with rheumatologist if symptoms persist"}', '2024-02-08 16:20:00+00'),
('s5555555-5555-5555-5555-555555555555', '33333333-3333-3333-3333-333333333333', NULL, ARRAY['severe headache', 'nausea', 'sensitivity to light'], 8, 'Severe throbbing headache on the right side of my head, accompanied by nausea and extreme sensitivity to light. This has been ongoing for 6 hours.', '{"analysis": "Symptoms strongly suggest migraine episode", "recommendations": ["Take prescribed migraine medication immediately", "Rest in dark, quiet room", "Apply cold compress to head", "Stay hydrated"], "severity": "High", "urgency": "Take action immediately, contact doctor if no improvement in 2 hours"}', '2024-02-14 08:00:00+00'),
('s6666666-6666-6666-6666-666666666666', '11111111-1111-1111-1111-111111111111', NULL, ARRAY['chest tightness', 'shortness of breath'], 3, 'Mild chest tightness and slight shortness of breath after climbing stairs. No other symptoms present.', '{"analysis": "Symptoms may be related to physical exertion or mild respiratory issue", "recommendations": ["Monitor symptoms", "Avoid strenuous activity temporarily", "Practice deep breathing exercises", "Contact doctor if symptoms worsen"], "severity": "Mild", "urgency": "Monitor for 24-48 hours"}', '2024-02-11 11:30:00+00');